Household Income,Household Size,Census Region,Product Total Price,Connection Speed,Children Present,Domain ID,Basket Total,Machine Identifier,Zip Code,product Quantity,Product Category ID,Date of Activity,Domain Name,Product Name,Racial Background,Most Education -- Head of Household,Site Session ID,Time of Activity,Country of Origin,Oldest Age -- Head of Household
6,2,3,87.32,1,0,4.04667E+18,82.32,13544187,34110,1,28,20120609,amazon.com,"CHESTER CREEK (CCT) VISIONBOARD BLACK WIRELESS LARGE PRINT KEYBOARD AND WIRELESS MOUSE MODEL WVBB+M. WINDOWS AND MAC - LARGE, VIVID, HIGH VISIBILITY KEYS FOR IMPROVED VISION, READABILITY, AND CONTROL. N/A",1,99,9.55895E+13,15:41:24,0,11
7,3,1,6.69,1,0,4.04667E+18,6.69,70597986,2889,1,28,20120110,amazon.com,CONNECTLAND CL-U2MNHUB-4B 4 PORTS USB V2.0 MINI HUB (BLACK) N/A,1,99,7.22102E+13,18:24:29,0,10
7,3,1,18.15,1,0,4.04667E+18,375.34,70597986,2889,1,28,20120126,amazon.com,BELKIN F5U706 2 IN 1 USB 2.0 7-PORT HUB N/A,1,99,7.36873E+13,14:43:13,0,10
7,3,1,79,1,0,4.04667E+18,79,70597986,2889,1,28,20120208,amazon.com,LINKSYS RE1000 WIRELESS-N RANGE EXTENDER N/A,1,99,7.42712E+13,17:46:21,0,10
6,5,3,27.9,1,1,4.04667E+18,364.41,76678726,33328,1,28,20120528,amazon.com,LEXAR PLATINUM II 32 GB 100X SD/SDHC FLASH MEMORY CARD LSD32GBSBNA100 N/A,1,99,7.87826E+13,16:02:28,0,6
6,3,2,240,1,0,4.04667E+18,257.74,78533371,65809,15,28,20120405,amazon.com,HP 18.5V 65W AC ADAPTER PA-1650-02HC 384019-001 391172-001 PPP009L N/A,1,99,8.01727E+13,18:33:53,0,10
2,3,4,179.99,1,1,4.04667E+18,179.99,79999355,96818,1,28,20120118,amazon.com,NETGEAR N900 WIRELESS DUAL BAND GIGABIT ROUTER (WNDR4500) N/A,3,99,7.51699E+13,0:38:25,0,5
4,3,1,23.29,1,1,4.04667E+18,23.29,81398296,18901,1,28,20120901,amazon.com,SONY AD-7280S-0B 24X SATA INTERNAL DVD+/-RW DRIVE (BLACK) N/A,1,99,1.21833E+11,21:24:35,0,5
4,1,1,18.64,1,0,4.04667E+18,25.84,82136164,1603,1,28,20120802,amazon.com,"LEXMARK (#15) X2600, X2670 COLOR RETURN PROGRAM INK CARTRIDGE, PART NUMBER 18C2110 N/A",1,99,1.10707E+14,2:17:40,0,6
2,2,3,12.69,1,1,4.04667E+18,19.24,85241959,73071,1,28,20121207,amazon.com,PUNISHER WAR ZONE N/A,1,99,1.44466E+11,3:10:58,0,3
2,2,3,22.98,1,1,4.04667E+18,63.61,85241959,73071,1,28,20120210,amazon.com,"COBY  1.4-INCH VIDEO MP3 PLAYER WITH FM, 4 GB FLASH MEMORY MP601-4GBLK (BLACK) N/A",1,99,7.31126E+13,5:38:07,0,3
6,3,4,23.98,1,1,4.04667E+18,49.9,85690879,84095,2,28,20120917,amazon.com,MAY FLASH N64 CONTROLLER ADAPTER FOR PC USB N/A,1,99,1.88719E+11,8:31:07,0,6
6,4,4,154.33,1,1,4.04667E+18,227.61,86650699,91505,1,28,20120822,amazon.com,PCB DESIGN FOR REAL-WORLD EMI CONTROL (THE SPRINGER INTERNATIONAL SERIES IN ENGINEERING AND COMPUTER SCIENCE) N/A,5,99,1.11692E+14,13:51:56,0,7
5,2,4,10.91,1,0,4.04667E+18,18.35,87614735,95206,1,28,20120602,amazon.com,"HQRP AC POWER ADAPTER / CHARGER COMPATIBLE WITH CANON ZR850, ZR900, ZR930, ZR950, ZR960 CAMCORDER PLUS EURO PLUG ADAPTER N/A",1,99,9.49415E+13,20:44:59,0,9
2,5,2,10.35,1,1,4.04667E+18,30.35,87836073,62561,1,28,20121017,amazon.com,IRULU BRAND USB 4GB WMA MP3 MUSIC PLAYER VOICE RECORDER FM RADIO(BLUE) N/A,1,99,2.11273E+11,4:17:40,0,9
6,2,1,13.1,1,0,4.04667E+18,18.8,88626736,10466,1,28,20120116,amazon.com,HTC MYTOUCH 4G EXTENDED CAPACITY 3500MAH LI-ION BATTERY + BATTERY DOOR COVER ~ MOBILE PHONE REPAIR PARTS REPLACEMENT N/A,2,99,7.5916E+13,21:24:08,0,10
2,2,4,0.1,1,1,4.04667E+18,5.09,88693527,97045,1,28,20121129,amazon.com,"NASSTOYS MINI CITY VIBE, PINK N/A",1,99,2.04156E+11,20:06:41,0,8
4,5,1,49.99,1,0,4.04667E+18,59.98,89430716,7103,1,28,20120323,amazon.com,DIGITALSONDEMAND 15-ITEM ACCESSORY BUNDLE FOR NEW SAMSUNG GALAXY TAB 10.1 WI-FI / 3G 4G LTE 16GB 32GB N/A,3,99,7.49801E+13,3:24:59,0,11
2,1,1,31.69,1,0,4.04667E+18,866.41,89832295,10027,1,28,20120814,amazon.com,ASUS EXTERNAL SLIM BLACK 8X DVD-RW STYLISH DIAMOND CUT DESIGN OPTICAL DRIVE SDRW-08D2S-U/B/G/ACI/AS N/A,2,99,1.11913E+14,20:31:21,0,4
6,2,2,39.97,1,0,4.04667E+18,176.65,90468313,55066,1,28,20120609,amazon.com,SKIL 144BAT 14-2/5-VOLT 1-1/5-AMP HOUR NICAD POD STYLE BATTERY N/A,1,99,9.59517E+13,11:52:22,0,10
1,2,1,34.99,1,1,4.04667E+18,44.45,90475488,11691,1,28,20120422,amazon.com,"SUPERB CHOICE NEW LAPTOP REPLACEMENT BATTERY FOR ACER ASPIRE 5534-1096,6 CELLS N/A",1,99,7.77461E+13,15:09:45,1,9
1,1,2,27.99,1,0,4.04667E+18,27.99,90757535,54451,1,28,20120524,amazon.com,"SATECHI SX2 PORTABLE TWIN SPEAKERS FOR IPHONE 4S, IPAD 2, MACBOOK PRO, MACBOOK AIR, ASUS EEE PAD TRANSFORMER, MOTOROLA XOOM, SAMSUNG GALAXY TAB, GALAXY 10.1, VIEWSONIC GTABLET, BLACKBERRY PLAYBOOK, HT N/A",1,99,7.81976E+13,13:09:33,0,1
2,3,1,13.13,0,1,4.04667E+18,61.57,90860788,11772,1,28,20121222,amazon.com,GENUINE HP/COMPAQ 402018-001 LAPTOP AC ADAPTER CHARGER N/A,1,99,1.99447E+11,22:32:42,0,11
7,2,3,62.13,1,0,4.04667E+18,174,91225573,73170,3,28,20121124,amazon.com,COMPATIBLE PG210 XL CL211 XL HIGH CAPACITY 2-PACK PRINTER INK CARTRIDGE FOR CANON PG-210 CL-211 BLACK/COLOR CARTRIDGES FOR PIXMA IP2702 MP240 MP250 MP270 MP280 MP480 MP490 MP495 MX320 MX330 MX340 WIRE N/A,1,99,2.27719E+11,15:58:42,0,10
2,3,4,71.59,1,1,4.04667E+18,524.05,91383016,98223,1,28,20121221,amazon.com,"AGPTEKAR 7\\1 ANDROID 4.0 CAPACITIVE TOUCH SCREEN E-READER TABLET PC (WI-FI, G-SENSOR, 1GHZ, 512M DDR3, SUPPORT 3G 3D GAME HDMI 1080P FLASH 11.1, 4GB BUILT-IN STORAGE) N/A",1,99,2.0683E+11,1:57:00,0,9
2,3,4,149.98,1,1,4.04667E+18,524.05,91383016,98223,2,28,20121221,amazon.com,CHROMO INCAR WHITE 4GB 7\\1 ANDROID 4.0 TOUCH CAPACITIVE SCREEN 1.5GHZ 512 RAM MID TABLET PC WIFI 3G CAMERA TR-A13 N/A,1,99,2.0683E+11,1:57:00,0,9
7,5,1,99.99,1,1,4.04667E+18,199.98,91432337,7747,1,28,20120316,amazon.com,WESTERN DIGITAL WD ELEMENTS 1 TB USB 2.0 DESKTOP EXTERNAL HARD DRIVE WDBAAU0010HBK-NESN N/A,1,99,7.6734E+13,19:38:01,0,7
7,5,1,99.99,1,1,4.04667E+18,199.98,91432337,7747,1,28,20120316,amazon.com,WESTERN DIGITAL WD ELEMENTS 1 TB USB 2.0 DESKTOP EXTERNAL HARD DRIVE N/A,1,99,7.6734E+13,19:38:01,0,7
3,2,4,30.55,1,1,4.04667E+18,30.55,91434741,84606,1,28,20120512,amazon.com,LOGITECH HD WEBCAM C310 N/A,1,99,7.57945E+13,22:25:33,0,9
3,2,2,27.98,1,1,4.04667E+18,131.98,91606670,48661,2,28,20120707,amazon.com,PATRIOT SIGNATURE 16 GB CLASS 10 MICROSDHC FLASH MEMORY CARD (PSF16GMCSDHC10) N/A,1,99,9.68286E+13,16:43:31,0,11
3,5,4,13.48,1,1,4.04667E+18,25.46,91865369,93638,1,28,20120914,amazon.com,"OEM HUAWEI HB5K1H BATTERY FOR M865 ASCEND 2 II, SONIC U8650 C8650 N/A",1,99,3.05317E+11,5:15:20,0,7
1,4,1,39.99,1,1,4.04667E+18,39.99,92051339,11385,1,28,20120423,amazon.com,ANKER NEW LAPTOP BATTERY FOR HP COMPAQ PRESARIO CQ40-305AU CQ40-313AX CQ40-315AX CQ45-307TX CQ50-100; HP PAVILION DV4-1000 DV4-1100EA DV4-1102TU DV4-1102TX DV4-1225DX DV4-1435DX DV4-1548DX DV4-1465DX N/A,1,99,7.93773E+13,13:39:23,0,10
5,2,3,17.98,1,1,4.04667E+18,54.95,92111556,29223,1,28,20120731,amazon.com,GMYLE(TM) 1000MAH MINI EXTERNAL BACKUP BATTERY CHARGER POWER PACK FOR IPHONE 3 3G 4 4S/IPOD TOUCH/IPOD N/A,2,99,1.10404E+14,4:30:09,0,7
6,2,4,29.99,1,0,4.04667E+18,38.83,92114753,90025,1,28,20120403,amazon.com,LOGITECH WIRELESS TOUCH KEYBOARD K400 WITH BUILT-IN MULTI-TOUCH TOUCHPAD (920-003070) N/A,1,99,7.95657E+13,1:03:27,0,4
6,2,4,13.99,1,0,4.04667E+18,324.67,92114753,90025,1,28,20120424,amazon.com,TP-LINK TL-WN722N 150MBPS HIGH GAIN WIRELESS USB ADAPTER N/A,1,99,8.02238E+13,21:22:40,0,4
6,2,4,13.99,1,0,4.04667E+18,324.67,92114753,90025,1,28,20120424,amazon.com,TP-LINK TL-WN722N 150MBPS HIGH GAIN WIRELESS USB ADAPTER N/A,1,99,8.02238E+13,21:22:40,0,4
1,1,4,10.99,1,0,4.04667E+18,171.71,92195559,93906,1,28,20120930,amazon.com,SANDISK 16 GB MICROSDHC FLASH MEMORY CARD SDSDQ-016G (BULK PACKAGING) - CLASS 2 N/A,3,99,3.19364E+11,23:03:46,0,5
1,1,4,10.99,1,0,4.04667E+18,276.74,92195559,93906,1,28,20121001,amazon.com,SANDISK 16 GB MICROSDHC FLASH MEMORY CARD SDSDQ-016G (BULK PACKAGING) - CLASS 2 N/A,3,99,3.29109E+11,2:55:23,0,5
1,1,4,19.99,1,0,4.04667E+18,37.33,92195559,93906,1,28,20120518,amazon.com,"ANKERR SLIMTALK 3200MAH BACKUP EXTERNAL BATTERY PACK AND CHARGER (POWER BANK) WITH EMBEDDED MICRO-USB AND FLASHLIGHT FOR IPHONE 4/4S/3GS, IPOD (REQUIRE YOUR OWN CABLE FOR APPLE); ANDROID SMARTPHONES, N/A",3,99,7.65691E+13,16:36:35,0,5
5,2,3,25.58,1,1,4.04667E+18,47.07,92202154,30013,1,28,20120208,amazon.com,SANDISK 32GB MICROSDHC MEMORY CARD (BULK PACKAGE) N/A,3,99,7.48669E+13,3:08:34,0,7
6,5,3,84.99,1,1,4.04667E+18,89.47,92212624,37130,1,28,20120808,amazon.com,TOSHIBA CANVIO 1.0 TB USB 3.0 BASICS PORTABLE HARD DRIVE - HDTB110XK3BA (BLACK) ELECTRONICS N/A,5,99,1.09777E+14,16:33:50,0,5
6,5,3,15.92,1,1,4.04667E+18,20.91,92212624,37130,1,28,20120622,amazon.com,SANDISK 32GB SDHC FLASH MEMORY CARD (SDSDB-032G-B35) N/A,5,99,9.82927E+13,15:23:19,0,5
1,2,4,16.38,1,0,4.04667E+18,46.43,92252620,90026,1,28,20120413,amazon.com,SKULLCANDY INK'D EARBUDS (BLUE) N/A,1,99,7.89943E+13,4:32:06,0,3
4,2,3,11.95,1,0,4.04667E+18,22.48,92338488,28625,1,28,20120808,amazon.com,CISCO-LINKSYS WPC54G WIRELESS-G NOTEBOOK ADAPTER N/A,1,99,1.0978E+14,0:55:30,0,10
7,6,3,34.99,1,1,4.04667E+18,38.98,92350480,29063,1,28,20121018,amazon.com,"IOGEAR MULTIMEDIA KEYBOARD WITH LASER TRACKBALL AND SCROLL WHEEL, 2.4GHZ WIRELESS GKM561R (BLACK) N/A",1,99,2.84843E+11,11:45:10,0,7
1,1,3,14.99,1,0,4.04667E+18,22.47,92352665,61109,1,28,20120522,amazon.com,THOR BRAND REPLACEMENT AC POWER ADAPTER CORD FOR ACER ASPIRE LAPTOP PC MODELS 5732Z-4280 5732Z-4598 5732Z-4867 5732ZG 5734Z 5734Z-4360 5734Z-4386 5734Z-4512 5734Z-4725 5734Z-4836 5735Z 5736Z 5736Z-401 N/A,1,99,7.99347E+13,22:36:15,0,7
5,6,1,14.12,1,1,4.04667E+18,26.09,92395962,4330,1,28,20121001,amazon.com,NEW SUPER SLIM EXTERNAL USB PORTABLE 24X CD-ROM DRIVE N/A,1,99,3.16062E+11,0:00:04,0,5
1,1,4,24.99,1,0,4.04667E+18,55.47,92396418,90680,1,28,20120415,amazon.com,SONY HDR-CX190 HDR-CX200 HDR-CX210 HANDYCAM CAMCORDER BATTERY & BATTERY CHARGER KIT INCLUDES NP-FV70 BATTERY + AC/DC BATTERY CHARGER + LCD SCREEN PROTECTORS + MICRO FIBER CLEANING CLOTH N/A,3,99,7.801E+13,20:13:37,0,5
7,4,3,74.99,1,1,4.04667E+18,86.69,92398789,30752,1,28,20121117,amazon.com,"AGPTEKAR 7\\1 ANDROID 4.0 CAPACITIVE TOUCH SCREEN E-READER TABLET PC (WI-FI, G-SENSOR, 1GHZ, 512M DDR3, SUPPORT 3G 3D GAME HDMI 1080P FLASH 11.1, 4GB BUILT-IN STORAGE) N/A",1,99,2.55042E+11,19:51:33,0,4
7,4,3,10.78,1,1,4.04667E+18,86.69,92398789,30752,1,28,20121117,amazon.com,7\\1 TABLET CASE COVER WITH USB KEYBOARD - PINK FAUX LEATHER CARRYING CASE N/A,1,99,2.55042E+11,19:51:33,0,4
3,4,3,18.85,1,1,4.04667E+18,220.21,92403035,39474,1,28,20120919,amazon.com,"SANDISK MICROSDHC 32GB FLASH MEMORY CARD, BLACK, SDSDQM-032G-B35 (RETAIL PACKAGING) N/A",2,99,3.27595E+11,11:34:14,0,7
5,2,4,23.08,1,1,4.04667E+18,23.08,92415248,80920,1,28,20121106,amazon.com,"OSKRI FIG BAR, 1.9-OUNCE (PACK OF 20) N/A",1,99,2.96811E+11,3:05:27,0,10
5,2,4,23.08,1,1,4.04667E+18,23.08,92415248,80920,1,28,20120928,amazon.com,"OSKRI FIG BAR, 1.9-OUNCE (PACK OF 20) N/A",1,99,3.16609E+11,2:19:46,0,10
5,2,4,23.08,1,1,4.04667E+18,27.07,92415248,80920,1,28,20121015,amazon.com,"OSKRI FIG BAR, 1.9-OUNCE (PACK OF 20) N/A",1,99,3.27186E+11,2:50:26,0,10
5,2,4,25.54,1,1,4.04667E+18,69.23,92415248,80920,1,28,20120603,amazon.com,"OSKRI PROTEIN BAR, CASHEW AND CRANBERRIES, 1.9-OUNCE (PACK OF 20) N/A",1,99,9.63868E+13,2:28:10,0,10
4,3,3,11.11,1,0,4.04667E+18,29.74,92556831,22801,1,28,20120222,amazon.com,HDE 7\\1 TABLET STAND WITH USB KEYBOARD - BLACK FAUX LEATHER CARRYING CASE N/A,1,99,7.51488E+13,14:19:07,0,9
3,2,1,25.98,1,0,4.04667E+18,47.82,92560345,14223,2,28,20120810,amazon.com,SONY 25DPW47RS2 DVD+RW RE-RECORDABLE DVD (25-PACK SPINDLE) N/A,1,99,1.0879E+14,2:29:38,0,11
6,4,3,18.27,1,1,4.04667E+18,45.26,92657006,27703,1,28,20120130,amazon.com,"10PK PREMIUM EPSON REMANUFACTURED #69 / T069120 FOR EPSON STYLUS NX105, NX110, NX115, NX215, NX305, NX415, NX510, NX515 WORKFORCE 310, 315, 610, 615 (T069- BK, C, M, Y) N/A",2,99,7.38833E+13,1:48:34,0,7
7,4,3,44.92,1,1,4.04667E+18,62.89,92708395,71203,1,28,20120715,amazon.com,TRIPP LITE PV375 PV 375W 12V DC TO AC PORTABLE INVERTER WITH DC AUTO POWER OUTLET N/A,1,99,1.00194E+14,22:18:11,0,8
2,1,3,10.99,1,0,4.04667E+18,278.88,92900019,24112,1,28,20120801,amazon.com,MEDIABRIDGE ULTRA SERIES - DUAL SHIELDED SUBWOOFER CABLE - RCA TO RCA GOLD PLATED PRO GRADE CONNECTORS (25 FEET) N/A,1,99,1.12428E+14,21:25:10,0,9
7,5,3,13.55,1,1,4.04667E+18,18.54,92958054,32712,1,28,20121020,amazon.com,EXPERTPOWERR 7.2V 1200MAH NICD TWO-WAY RADIO BATTERY FOR KENWOOD KNB-14/A KNB-15/A TK-260 TK-270 TK-272 TK-360 TK-370 TK-372 TK-373 TK-378 TK-278 TK-388 TK-3100 TK-3107 N/A,1,99,2.89922E+11,14:22:11,0,9
1,5,3,44.75,1,1,4.04667E+18,65.26,93218640,33848,1,28,20120330,amazon.com,TOSHIBA SATELLITE A665D-S6059 LAPTOP BATTERY N/A,1,99,7.8026E+13,15:43:59,0,4
5,4,3,598.99,1,1,4.04667E+18,608.48,93230025,33165,1,28,20121224,amazon.com,THE NEW GOOGLE (SAMSUNG) NEXUS 10 10-INCH ANDRIOD 4.2 (JELLY BEAN) TABLET 32GB SSD 2560X1600 PIXEL WORLD HIGHEST RESOLUTION FOR 300 PPI WQXGA (WIFI ONLY) 2GB RAM MICRO USB MICRO HDMI ACCELEROMETER COM N/A,1,99,2.13497E+11,21:45:43,1,6
5,4,3,12.99,1,1,4.04667E+18,20.49,93230025,33165,1,28,20120508,amazon.com,"MENOTEK MICRO USB TO HDMI MHL ADAPTER IMPROVED WITH RCP (REMOTE CONTROL PROTOCOL) FOR SAMSUNG GALAXY S2, HTC EVO 3D, HTC EVO 4G TABLET, HTC SENSATION 4G, SPRINT EPIC 4G TOUCH, GALAXY NEXUS N/A",1,99,8.01597E+13,21:12:59,1,6
5,5,1,45.77,1,1,4.04667E+18,78.47,93311627,13057,1,28,20120507,amazon.com,"CANON PGI-225 BK/ CLI-226 C,M,Y 4 PACK VALUE PACK (4530B008) IN RETAIL PACKAGING N/A",1,99,8.00048E+13,12:45:12,0,7
7,2,2,224,1,1,4.04667E+18,457.58,93427645,68409,1,28,20120131,amazon.com,BOSE SOUNDDOCK SERIES II DIGITAL MUSIC SYSTEM FOR IPOD (BLACK) N/A,1,99,7.3684E+13,5:35:21,0,11
1,1,3,16.94,1,0,4.04667E+18,74.44,93495079,23507,1,28,20120930,amazon.com,WALL HOME HOUSE CHARGER AC ADAPTER CABLE CORD FOR RCA DMT335R DMT336R DMT270R DHT235C PORTABLE TV ==BUY FROM CORRECT SELLER RECEIVE CORRECT ITEM== N/A,2,99,3.26048E+11,18:31:42,0,11
3,1,2,31.98,1,0,4.04667E+18,75.61,93550454,45701,1,28,20120331,amazon.com,"ROBBINS AND COTRAN PATHOLOGY FLASH CARDS WITH STUDENT CONSULT ONLINE ACCESS, 1E (ROBBINS PATHOLOGY) N/A",1,99,7.57022E+13,18:40:16,1,3
7,4,2,29.54,1,1,4.04667E+18,34.88,93554643,60626,1,28,20120722,amazon.com,FIRST ALERT CO615 CARBON MONOXIDE PLUG-IN ALARM WITH BATTERY BACKUP AND DIGITAL DISPLAY N/A,1,99,9.9555E+13,19:17:02,0,6
7,4,3,106.99,1,1,4.04667E+18,221.96,93613029,33317,1,28,20120603,amazon.com,WESTERN DIGITAL MY PASSPORT 1 TB USB 3.0 PORTABLE HARD DRIVE - WDBBEP0010BBL-NESN (BLUE) N/A,5,99,9.64298E+13,16:48:52,0,6
7,4,3,106.99,1,1,4.04667E+18,221.96,93613029,33317,1,28,20120603,amazon.com,WESTERN DIGITAL MY PASSPORT 1 TB USB 3.0 PORTABLE HARD DRIVE - WDBBEP0010BBK-NESN (BLACK) N/A,5,99,9.64298E+13,16:48:52,0,6
3,1,1,11.99,1,0,4.04667E+18,15.98,93615815,6108,1,28,20120715,amazon.com,"MENOTEK MICRO USB TO HDMI MHL ADAPTER IMPROVED WITH RCP (REMOTE CONTROL PROTOCOL) FOR SAMSUNG GALAXY S2, HTC EVO 3D, HTC EVO 4G TABLET, HTC SENSATION 4G, SPRINT EPIC 4G TOUCH, GALAXY NEXUS N/A",1,99,1.00244E+14,21:45:32,0,3
2,4,3,19.99,1,1,4.04667E+18,85.36,93667882,74033,1,28,20121219,amazon.com,SMITHSONIAN GLOW-IN-THE-DARK SPIDER COMPUTER MOUSE N/A,1,99,2.79757E+11,0:22:34,0,11
1,4,3,50.99,0,1,4.04667E+18,56.98,93713421,78201,1,28,20120419,amazon.com,HIGH DEFINITION 0.45X WIDE ANGLE AND 2X TELEPHOTO LENS KIT PLUS 3 FILTERS AND LENS ADAPTER FOR NIKON COOLPIX L120 CAMERA N/A,2,99,7.94519E+13,4:20:59,1,4
4,2,2,15.95,1,1,4.04667E+18,19.94,93732286,55113,1,28,20120717,amazon.com,BLACK & DECKER VP110 VERSAPAK GOLD 3.6-VOLT 2 AMP HOUR NIMH GOLD BATTERY N/A,1,99,1.1075E+14,12:58:17,0,11
4,2,2,34.99,1,1,4.04667E+18,34.99,93732286,55113,1,28,20120215,amazon.com,"ASUS GEFORCE 210 1GB 64-BIT DDR3 PCI EXPRESS 2.0 X16 LOW PROFILE READY VIDEO CARD, EN210 SILENT/DI/1GD3/V2(LP) N/A",1,99,7.5084E+13,13:17:44,0,11
4,4,3,25.48,1,1,4.04667E+18,32.96,93816029,24586,1,28,20120208,amazon.com,SANDISK 32 GB MICROSDHC FLASH MEMORY CARD (CARD ONLY) SDSDQM-032G N/A,1,99,7.49837E+13,22:22:45,0,3
4,1,2,13.95,1,0,4.04667E+18,36.88,93851133,64012,1,28,20121029,amazon.com,IKROSS PURPLE STAINLESS STEEL STYLUS WITH 3.5MM ADAPTER PLUG + PURPLE SMOOTH SYNTHETIC PU LEATHER PROTECTOR COVER CASE WITH STAND + CLEAR LCD SCREEN PROTECTOR FOR ACER ICONIA A200 10.1-INCH SCREEN TAB N/A,1,99,3.50086E+11,1:38:55,0,7
5,1,2,50.19,1,0,4.04667E+18,63.53,93857362,50310,1,28,20120506,amazon.com,OPTYGEN HP - BOTTLE OF 120 N/A,1,99,7.73878E+13,16:29:16,0,7
6,2,2,22.79,1,1,4.04667E+18,46.39,93906878,46069,1,28,20121028,amazon.com,VERBATIM 97592 ERGO WIRELESS DESKTOP OPTICAL MOUSE (RED) N/A,1,99,3.25834E+11,21:14:02,0,8
5,5,2,15.32,1,1,4.04667E+18,69.02,93961554,67022,1,28,20120530,amazon.com,"ATC 65 WATT HOME TRAVEL AUTOMATIC UNIVERSAL LAPTOP, NOTEBOOK, NETBOOK POWER AC ADAPTER CHARGER FOR HP, TOSHIBA, IBM, LENOVO, SONY, FUJITSU, COMPAQ, ACER, GATEWAY, LITEON, SAMSUNG, DELL N/A",2,99,8.03056E+13,21:12:21,0,6
1,5,3,10.13,1,1,4.04667E+18,92.79,93981524,71854,1,28,20120831,amazon.com,MONOPRICE 75FT 24AWG CAT6 550MHZ UTP ETHERNET BARE COPPER NETWORK CABLE - WHITE N/A,1,99,1.12749E+14,16:41:50,0,6
5,2,2,39.99,1,1,4.04667E+18,85.56,94134064,60459,1,28,20120120,amazon.com,CANON CLI-221 4-COLOR VALUE PACK (BLACK/CYAN/MAGENTA/YELLOW) (2946B004) IN RETAIL PACKAGING N/A,1,99,7.3576E+13,17:38:12,1,4
1,5,4,49.99,1,1,4.04667E+18,59.44,94134129,94621,1,28,20120717,amazon.com,LG 9600 QWERTY DETACHABLE KEYBOARD N/A,5,99,1.10769E+14,8:01:50,0,9
5,2,1,89.46,1,0,4.04667E+18,98.44,94135478,5346,1,28,20120914,amazon.com,ADOBE PHOTOSHOP ELEMENTS AND PREMIERE ELEMENTS 10 N/A,1,99,3.67626E+11,16:38:50,0,6
7,2,1,16.99,1,1,4.04667E+18,36.31,94191770,6880,1,28,20120812,amazon.com,"PTC PREMIUM HIGH SPEED USB 2.0 TO SERIAL ATA / IDE CONVERTER - SUPPORTS WINDOWS 7, VISTA, XP, 2000, 98, LINUX AND MAC N/A",1,99,1.02477E+14,13:45:01,0,10
7,3,1,101,1,1,4.04667E+18,112.99,94191809,11743,1,28,20120911,amazon.com,HP DESKJET 3820 INKJET PRINTER N/A,5,99,3.89779E+11,19:01:27,0,8
1,2,4,12.99,1,0,4.04667E+18,17.98,94206855,97361,1,28,20120603,amazon.com,ROCKETFISH RF-BPRAC3 UNIVERSAL LAPTOP AC ADAPTER N/A,2,99,9.64699E+13,5:43:24,0,2
1,1,3,11.98,1,0,4.04667E+18,15.97,94346178,76115,1,28,20120409,amazon.com,HP V125 16 GB USB FLASH DRIVE P-FD16GHP125-AZ N/A,3,99,8.08036E+13,21:36:26,0,1
3,3,4,16.99,1,0,4.04667E+18,47.91,94438800,59041,1,28,20120901,amazon.com,SL2 RADIO REPLACEMENT BATTERY N/A,1,99,3.59225E+11,20:45:56,0,3
3,3,4,12.89,1,0,4.04667E+18,285.76,94438800,59041,1,28,20120215,amazon.com,SONY 4 GB MEMORY STICK PRODUO MSMT4G/TQ1 (BLACK) N/A,1,99,7.51461E+13,17:01:44,0,3
4,1,3,13.99,1,0,4.04667E+18,182.95,94484425,77803,1,28,20120213,amazon.com,SANDISK 4 GB SDHC FLASH MEMORY CARD SDSDB-004G (2 PACK) N/A,1,99,7.58565E+13,22:30:06,0,3
1,2,3,11.09,1,1,4.04667E+18,21.97,94496043,33190,1,28,20120406,amazon.com,HDE 7\\1 TABLET STAND WITH USB KEYBOARD - BLACK FAUX LEATHER CARRYING CASE N/A,2,99,7.91455E+13,19:09:22,0,4
4,6,3,15,1,1,4.04667E+18,136.02,94505847,28801,1,28,20120221,amazon.com,HDE 7\\1 TABLET STAND WITH USB KEYBOARD - BLACK FAUX LEATHER CARRYING CASE N/A,2,99,7.39267E+13,2:58:41,0,3
4,2,3,29.98,1,0,4.04667E+18,55.97,94529375,21740,2,28,20121217,amazon.com,"VERBATIM STORE 'N' GO 4 GB USB 2.0 FLASH DRIVE, 3 PACK 97002 (RED, BLUE AND GREEN) 4 GB N/A",1,99,2.99098E+11,21:57:49,0,8
6,5,4,30.55,1,1,4.04667E+18,48.44,94569034,92345,1,28,20121117,amazon.com,BLUE SEA SYSTEMS 6007 M-SERIES (MINI) BATTERY SWITCH SELECTOR N/A,1,99,3.16883E+11,22:36:31,0,5
5,6,1,17.99,1,1,4.04667E+18,24.16,94570428,6249,1,28,20120304,amazon.com,SKULLCANDY INK'D EARBUDS WITH IN-LINE MICROPHONE S2INBI-SZ (SILVER) N/A,2,99,7.69778E+13,19:32:05,0,10
7,4,4,89.99,1,1,4.04667E+18,109.42,94796368,94539,1,28,20120327,amazon.com,SEAGATE FREEAGENT GOFLEX DESK 1.5 TB USB 2.0 EXTERNAL HARD DRIVE STAC1500100 N/A,3,99,7.76716E+13,2:35:41,0,5
3,5,3,12.75,1,1,4.04667E+18,20.23,94801406,11967,1,28,20120221,amazon.com,EMTEC ANIMAL USB FLASH DRIVE 4GB MONKEY N/A,1,99,7.39342E+13,16:37:44,0,7
3,5,3,52.95,1,1,4.04667E+18,71.43,94801406,11967,1,28,20120307,amazon.com,VUPOINT SOLUTIONS MAGIC WAND PORTABLE SCANNER (PDS-ST410-VP) N/A,1,99,7.64039E+13,1:21:15,0,7
6,3,3,12.95,1,0,4.04667E+18,18.75,94843752,22554,1,28,20120609,amazon.com,"STAR ADAPTER 65W AC ADAPTER POWER CORD FOR COMPATIBLE TOSHIBA SATELLITE L645-SP4025L,PSK0GU-09ELM9,L645D-S4025,L655-S5098,PSK0QU-00K001,L645D-S4029,PSK0QU-00W009,100% COMPATIBLE WITH PA3467U-1ACA,PA33 N/A",1,99,9.60933E+13,20:10:26,0,11
5,1,1,59.98,1,0,4.04667E+18,83.48,94846931,15010,2,28,20121106,amazon.com,TENERGY ADVANCED UNIVERSAL CHARGER TN190-4 CHANNEL AA/AAA/C/D/9V NI-MH CHARGER WITH LCD DISPLAY AND USB POWER OUTLET N/A,1,99,3.62522E+11,16:19:34,0,10
4,3,2,51.99,1,1,4.04667E+18,55.98,94853183,49341,1,28,20120421,amazon.com,PNY OPTIMA 4GB (2X2GB) DUAL CHANNEL KIT DDR2 667 MHZ PC2-5300 DESKTOP DIMM MEMORY MODULES MD4096KD2-667 N/A,1,99,7.76693E+13,13:39:43,0,11
5,2,3,0,1,0,4.04667E+18,0.01,95002969,30238,1,28,20120313,amazon.com,ADDITIONAL LINE SERVICE OPTIONS: N/A,2,99,7.79218E+13,11:50:46,0,8
3,2,1,33.95,1,0,4.04667E+18,42.21,95058746,34145,1,28,20121214,amazon.com,"BATTERY REPLACEMENT KIT FOR THE BARNES AND NOBLE NOOK COLOR EREADER WITH INSTALLATION VIDEO, TOOLS, AND EXTENDED LIFE BATTERY N/A",1,99,2.94839E+11,12:33:15,0,11
3,1,3,15.21,1,0,4.04667E+18,19.2,95063425,29102,1,28,20120715,amazon.com,CASECROWN BOLD STANDBY CASE (PURPLE) FOR AMAZON KINDLE FIRE TABLET N/A,1,99,1.00316E+14,2:11:49,0,10
3,2,1,14.99,1,0,4.04667E+18,29.02,95173506,17866,1,28,20120408,amazon.com,CASECROWN BOLD STANDBY CASE (PURPLE) FOR AMAZON KINDLE FIRE TABLET N/A,1,99,7.39271E+13,22:17:02,0,11
7,2,2,14.99,1,0,4.04667E+18,247.97,95175419,43331,1,28,20120122,amazon.com,KINGSTON 16 GB CLASS 4 SDHC FLASH MEMORY CARD SD4/16GB N/A,1,99,7.31794E+13,10:26:31,0,8
7,2,2,20.99,1,0,4.04667E+18,247.97,95175419,43331,1,28,20120122,amazon.com,"WASABI POWER BATTERY AND CHARGER KIT FOR TOSHIBA PX1657, PA3791U, AND CAMILEO H30 & X100 N/A",1,99,7.31794E+13,10:26:31,0,8
1,3,1,18.49,1,0,4.04667E+18,18.49,95220343,7087,1,28,20120717,amazon.com,GENUINE KODAK EASYSHARE PRINTER DOCK 3 SERIES ADAPTER KODAK PA-1800-01HK-ROHS 24V 3A AC POWER ADAPTER N/A,1,99,1.10794E+14,2:23:51,1,11
7,3,4,14.45,1,1,4.04667E+18,24.43,95364031,94533,1,28,20120718,amazon.com,"DELL 90W LAPTOP ADAPTER [PA-3E] DELL 90W SLIM DESIGN CHARGER REPLACEMENT AC POWER ADAPTER FOR DELL INSPIRON1420,14R (N4010),14Z (1470),15 (1545),15 (1564),1520,1521,1525,1526,1546,15R (N5010),15Z (157 N/A",1,99,1.10526E+14,17:14:32,0,8
3,4,2,24.22,1,0,4.04667E+18,28.21,95411596,61801,1,28,20120618,amazon.com,PNY OPTIMA 1GB  DDR 333 MHZ PC2700  DESKTOP DIMM MEMORY MODULE MD1024SD1-333 N/A,3,99,1.0258E+14,19:05:23,0,9
3,4,2,235.57,1,0,4.04667E+18,235.57,95411596,61801,1,28,20120802,amazon.com,EPSON PHOTOCONDUCTOR UNIT (S051104) N/A,3,99,1.11011E+14,23:21:45,0,9
3,4,2,10.76,1,0,4.04667E+18,17.21,95411596,61801,1,28,20121218,amazon.com,HDE 2 PORT USB 3.0 54MM EXPRESS CARD N/A,3,99,3.15448E+11,18:50:54,0,9
3,4,2,21.45,1,0,4.04667E+18,25.44,95411596,61801,1,28,20120912,amazon.com,TRENDNET 2-PORT USB 2.0 PC CARD TU2-H2PC N/A,3,99,4.13045E+11,17:32:14,0,9
3,4,2,14.99,1,0,4.04667E+18,18.98,95411596,61801,1,28,20120904,amazon.com,"VANTEC CB-ISATAU2 SATA/IDE TO USB 2.0 ADAPTER SUPPORTS 2.5-INCH, 3.5-INCH, 5.25-INCH HARD DISK DRIVES (BLACK) N/A",3,99,4.26388E+11,22:35:03,0,9
3,4,2,56.81,1,0,4.04667E+18,176.8,95411596,61801,1,28,20120410,amazon.com,"SANDISK CRUZER 64GB USB FLASH DRIVE SDCZ36-064G-B35 ,BLACK N/A",3,99,8.20542E+13,19:20:43,0,9
3,4,2,119.99,1,0,4.04667E+18,176.8,95411596,61801,1,28,20120410,amazon.com,WESTERN DIGITAL WD ELEMENTS 2 TB USB 2.0 DESKTOP EXTERNAL HARD DRIVE N/A,3,99,8.20542E+13,19:20:43,0,9
4,2,3,119.99,1,1,4.04667E+18,215.56,95417144,70809,1,28,20120201,amazon.com,BROTHER DSMOBILE SCANNER (DS-600) N/A,1,99,7.53876E+13,20:37:32,0,11
2,2,3,13.74,1,1,4.04667E+18,38.8,95494379,76518,1,28,20120330,amazon.com,KINGSTON 19-IN-1 USB 2.0 FLASH MEMORY CARD READER FCR-HS219/1 N/A,1,99,7.82011E+13,17:46:22,0,1
2,1,4,159,1,0,4.04667E+18,166,95499935,84078,1,28,20121101,amazon.com,DIGISTOR EXTERNAL BU-RAY BURNER USB 2.0 WITH MULTIMEDIA & ARCHIVE SUITES (TRAY LOAD) N/A,1,99,3.58519E+11,18:22:32,0,8
2,1,4,24.49,1,0,4.04667E+18,73.16,95499935,84078,1,28,20121026,amazon.com,STEELSERIES ZBOARD GAMING KEYBOARD N/A,1,99,3.68638E+11,18:11:37,0,8
3,2,2,38.42,1,0,4.04667E+18,38.42,95545116,57069,1,28,20121106,amazon.com,"LEXMARK NO 36 & NO 37 COLOR COMBO PACK, RETURN PROGRAM PRINT CARTRIDGES-BLACK N/A",1,99,3.70309E+11,22:38:19,0,6
6,3,4,11.99,1,1,4.04667E+18,15.98,95552807,85086,1,28,20120628,amazon.com,"MENOTEK MICRO USB TO HDMI MHL ADAPTER IMPROVED WITH RCP (REMOTE CONTROL PROTOCOL) FOR SAMSUNG GALAXY S2, HTC EVO 3D, HTC EVO 4G TABLET, HTC SENSATION 4G, SPRINT EPIC 4G TOUCH, GALAXY NEXUS N/A",2,99,1.01234E+14,18:26:21,0,2
6,3,4,11.98,1,1,4.04667E+18,387.36,95552807,85086,1,28,20120518,amazon.com,KINGSTON 16 GB CLASS 4 SDHC FLASH MEMORY CARD SD4/16GBET N/A,2,99,7.67238E+13,3:54:38,0,2
5,2,2,54.09,1,0,4.04667E+18,82.69,95586671,64093,1,28,20120320,amazon.com,HP LASERJET 35A BLACK CARTRIDGE IN RETAIL PACKAGING (CB435A) N/A,1,99,7.82804E+13,0:23:05,0,9
7,4,2,195.88,1,1,4.04667E+18,201.87,95593831,60056,1,28,20120121,amazon.com,WESTERN DIGITAL MY BOOK ESSENTIAL 3 TB USB 3.0/2.0 DESKTOP EXTERNAL HARD DRIVE N/A,1,99,7.29597E+13,2:09:54,0,6
7,4,2,199.99,1,1,4.04667E+18,398.86,95593831,60056,1,28,20120225,amazon.com,WESTERN DIGITAL MY BOOK ESSENTIAL 3 TB USB 3.0/2.0 DESKTOP EXTERNAL HARD DRIVE N/A,1,99,7.34127E+13,0:23:59,0,6
7,4,2,198.87,1,1,4.04667E+18,398.86,95593831,60056,1,28,20120225,amazon.com,BARRACUDA 7200RPM 3 TB SATA 6 GB/S NCQ 64 MB CACHE 3.5-INCH INTERNAL BARE DRIVE - ST3000DM001 N/A,1,99,7.34127E+13,0:23:59,0,6
7,4,2,199.99,1,1,4.04667E+18,326.02,95593831,60056,1,28,20120304,amazon.com,WESTERN DIGITAL MY BOOK ESSENTIAL 3 TB USB 3.0/2.0 DESKTOP EXTERNAL HARD DRIVE N/A,1,99,7.70009E+13,3:36:27,0,6
4,2,2,109.99,1,0,4.04667E+18,168.77,95593906,45305,1,28,20121004,amazon.com,"EPSON WORKFORCE 645 WIRELESS ALL-IN-ONE COLOR INKJET PRINTER, COPIER, SCANNER, FAX, IOS/TABLET/SMARTPHONE/AIRPRINT COMPATIBLE (C11CB86201) N/A",1,99,4.04919E+11,0:10:21,0,9
5,5,3,27.84,1,1,4.04667E+18,27.84,95597959,75025,1,28,20120221,amazon.com,VERBATIM 97459 4.7 GB UP TO16X BRANDED RECORDABLE DISC DVD+R (100 DISC SPINDLE) N/A,1,99,7.39717E+13,0:24:55,0,7
5,5,3,26.99,1,1,4.04667E+18,26.99,95597959,75025,1,28,20120324,amazon.com,VERBATIM 97460 4.7 GB UP TO 16X BRANDED RECORDABLE DISC DVD-R (100-DISC FFP) N/A,1,99,7.46818E+13,21:52:46,0,7
5,5,3,21.99,1,1,4.04667E+18,29.98,95597959,75025,1,28,20120707,amazon.com,VERBATIM 97459 4.7 GB UP TO16X BRANDED RECORDABLE DISC DVD+R (100 DISC SPINDLE) N/A,1,99,9.69253E+13,17:44:49,0,7
5,2,3,383.56,1,1,4.04667E+18,789.68,95639820,33023,1,28,20120106,amazon.com,ACER ICONIA TAB A500-10S16U 10.1-INCH TABLET COMPUTER (ALUMINUM METALLIC) N/A,5,99,7.13893E+13,9:41:18,1,8
5,2,1,19.99,1,1,4.04667E+18,25.98,95658386,11356,1,28,20121222,amazon.com,"SUPERB CHOICE NEW LAPTOP REPLACEMENT BATTERY FOR ACER ASPIRE 4230, ASPIRE 4235, ASPIRE 4330, ASPIRE 4336, ASPIRE 4535G, ASPIRE 4736, ASPIRE 4736G, ASPIRE 4736Z, ASPIRE 4736ZG, ASPIRE 4740G, ASPIRE 474 N/A",5,99,2.89449E+11,17:03:42,1,6
5,2,1,12.29,1,1,4.04667E+18,618.39,95659330,7302,1,28,20120701,amazon.com,TRANSCEND 16 GB SDHC CLASS 10 FLASH MEMORY CARD TS16GSDHC10E N/A,5,99,9.55854E+13,19:09:17,0,5
5,5,3,21.64,1,1,4.04667E+18,35.04,95661775,75025,1,28,20120518,amazon.com,"VERBATIM 97458 700 MB 52X 80 MINUTE BRANDED RECORDABLE DISC CD-R - 100-DISC SPINDLE, FFP N/A",1,99,7.67028E+13,17:01:58,0,7
5,5,3,28.84,1,1,4.04667E+18,36.78,95661775,75025,1,28,20120501,amazon.com,VERBATIM 97460 4.7 GB UP TO 16X BRANDED RECORDABLE DISC DVD-R (100-DISC FFP) N/A,1,99,7.83147E+13,13:14:49,0,7
5,3,1,39.99,1,1,4.04667E+18,48.92,95676882,10940,1,28,20120901,amazon.com,ACTIONTEC GT701D ETHERNET DSL MODEM WITH ROUTING CAPABILITIES N/A,1,99,4.0518E+11,5:58:37,0,5
5,2,3,39.95,1,1,4.04667E+18,54.9,95685358,73122,1,28,20120807,amazon.com,CANON LC-E10 COMPACT BATTERY CHARGER FOR LP-E10 BATTERY PACK N/A,3,99,1.11446E+14,5:52:28,0,6
1,5,3,12.95,1,1,4.04667E+18,17.93,95691698,79745,1,28,20120917,amazon.com,AVIATOR SUNGLASSES AV35 FLASH LENS ADJUSTABLE ARMS (SILVER) N/A,5,99,4.56695E+11,3:18:19,0,2
1,1,1,29.9,1,0,4.04667E+18,39.19,95710866,15137,2,28,20121022,amazon.com,"SANDISK 1 GB SECURE DIGITAL SD CARD (SDSDB-1024, BULK PACKAGE) N/A",1,99,3.90764E+11,20:52:17,0,11
4,2,4,27.84,1,0,4.04667E+18,27.84,95712604,91104,1,28,20120301,amazon.com,TRUE IMAGE HOME 2012 PC BACKUP AND RECOVERY N/A,5,99,7.70014E+13,20:24:48,0,5
6,5,2,14.99,1,1,4.04667E+18,39.65,95871119,54495,1,28,20121029,amazon.com,MOTOROLA TRAVEL ADAPTER FOR ACCESS TO THE WEBTOP APPLICATION N/A,1,99,4.1494E+11,3:33:30,0,6
6,5,2,10.49,1,1,4.04667E+18,39.65,95871119,54495,1,28,20121029,amazon.com,MAY FLASH N64 CONTROLLER ADAPTER FOR PC USB N/A,1,99,4.1494E+11,3:33:30,0,6
7,3,4,89.99,1,0,4.04667E+18,122.54,95939044,80919,1,28,20120628,amazon.com,EPSON STYLUS C88+ COLOR INKJET PRINTER (C11C617121) N/A,1,99,1.01224E+14,21:18:13,0,8
7,3,4,25.65,1,0,4.04667E+18,122.54,95939044,80919,1,28,20120628,amazon.com,"PRINTPAYLESSAR BRAND EMPTY CISS FOR EPSON 60 INK (NON-OEM) EPSON STYLUS C68, C88, C88+ PRINTERS - WITH AUTO RESET CHIPS (ARC) - CAN BE FILLED WITH WATER-BASED DYE INK, SUBLIMATION INK, OR PIGMENT INK N/A",1,99,1.01224E+14,21:18:13,0,8
7,3,4,25.65,1,0,4.04667E+18,32.55,95939044,80919,1,28,20120912,amazon.com,"PRINTPAYLESSAR BRAND EMPTY CISS FOR EPSON 60 INK (NON-OEM) EPSON STYLUS C68, C88, C88+ PRINTERS - WITH AUTO RESET CHIPS (ARC) - CAN BE FILLED WITH WATER-BASED DYE INK, SUBLIMATION INK, OR PIGMENT INK N/A",1,99,4.36781E+11,16:09:23,0,8
7,3,4,69.24,1,0,4.04667E+18,109.09,95939044,80919,1,28,20120531,amazon.com,EPSON WORKFORCE 30 COLOR INKJET PRINTER (C11CA19201) N/A,1,99,7.95387E+13,20:29:16,0,8
7,1,4,29,1,0,4.04667E+18,32.85,96018565,91307,1,28,20121218,amazon.com,SONY DVD-R 16X RECORDABLE DVD 4.7GB - 100 DISC SPINDLE N/A,1,99,3.26851E+11,15:15:27,0,9
5,3,3,17.99,1,0,4.04667E+18,49.91,96028958,78253,1,28,20120402,amazon.com,SONY VGP-AC19V19 19.5V AC ADAPTER FOR VAIO FZ CR SERIES NOTEBOOK N/A,1,99,7.95918E+13,12:11:22,0,4
6,2,3,24.34,1,1,4.04667E+18,54.26,96066465,39212,1,28,20120311,amazon.com,OTTERBOX DEFENDER SERIES HYBRID CASE FOR IPOD TOUCH 4G (BLACK/RED) N/A,2,99,7.62661E+13,21:32:36,0,2
3,2,4,11.95,1,0,4.04667E+18,44.68,96083233,95608,1,28,20120510,amazon.com,"SANDISK MICROSDHC 16GB FLASH MEMORY CARD (CARD ONLY) SDSDQM-016G-B35,BLACK N/A",3,99,7.84099E+13,11:27:40,0,8
7,3,1,31.99,1,1,4.04667E+18,50.97,96089241,1867,1,28,20120930,amazon.com,SAMSUNG WIS12ABGNX WIRELESS USB ADAPTER N/A,1,99,4.3192E+11,12:50:40,0,4
7,3,3,37.6,1,0,4.04667E+18,42.59,96090503,38357,1,28,20120720,amazon.com,"SANDISK CRUZER 64GB USB FLASH DRIVE SDCZ36-064G-B35 ,BLACK N/A",1,99,1.07108E+14,23:20:02,0,9
3,2,2,119,1,0,4.04667E+18,318.82,96093294,61540,1,28,20121119,amazon.com,KODAK HERO 7.1 WIRELESS COLOR PRINTER WITH SCANNER & COPIER N/A,1,99,3.77179E+11,15:17:35,0,11
6,3,3,29.99,1,0,4.04667E+18,29.99,96129078,22031,1,28,20121229,amazon.com,EYE-FI CONNECT X2 4 GB CLASS 6 SDHC WIRELESS FLASH MEMORY CARD EYE-FI-4CN N/A,1,99,2.98454E+11,20:53:03,0,4
6,3,3,59.99,1,0,4.04667E+18,54.58,96129078,22031,1,28,20121206,amazon.com,EYE-FI 8 GB PRO X2 SDHC CLASS 6 WIRELESS FLASH MEMORY CARD (EYE-FI-8PC-FF) N/A,1,99,3.51008E+11,23:26:51,0,4
5,2,3,38.24,1,1,4.04667E+18,42.23,96136205,20910,1,28,20121116,amazon.com,MICROSOFT NATURAL ERGONOMIC KEYBOARD 4000 FOR BUSINESS N/A,1,99,3.64897E+11,18:07:34,0,8
6,5,2,29.99,1,1,4.04667E+18,77.72,96211235,48128,1,28,20120222,amazon.com,GATEWAY FPD1530 15\\1 LCD FLAT PANEL MONITOR N/A,5,99,7.53995E+13,15:51:27,0,5
6,5,4,21.9,1,1,4.04667E+18,362.07,96250447,92708,1,28,20121017,amazon.com,LOGITECH WIRELESS MOUSE M305 (FOREST GREEN) N/A,5,99,4.0276E+11,20:12:49,1,11
6,5,4,12.88,1,1,4.04667E+18,362.07,96250447,92708,1,28,20121017,amazon.com,"SONY VAIO 19.5V 3.9A 76W REPLACEMENT AC ADAPTER FOR SONY VAIO NR SERIES VGN-NR330E, VGN-NR330E/S,VGN-NR360E,VGN-NR360E/S,VGN-NR360E/TV,GN-NR360E/W,VGN-NR370N, VGN-NR370N/S,VGN-NR380E/S, VGN-NR385E, 10 N/A",5,99,4.0276E+11,20:12:49,1,11
6,5,4,19.31,1,1,4.04667E+18,41.31,96250447,92708,1,28,20120913,amazon.com,SANDISK 32 GB MOBILE MICROSDHC FLASH MEMORY CARD SDSDQ-032G-AFFP N/A,5,99,4.27324E+11,21:39:39,1,11
6,5,4,54.51,1,1,4.04667E+18,73.86,96250447,92708,1,28,20120926,amazon.com,SANDISK ULTRA 64 GB MICROSDXC CLASS 10 UHS-1 MEMORY CARD 30MB/S WITH ADAPTER SDSDQUA-064G-U46A N/A,5,99,4.37614E+11,1:50:21,1,11
1,4,3,25.01,1,1,4.04667E+18,25.01,96253516,7307,1,28,20121107,amazon.com,PWR+ AC ADAPTER TOSHIBA SATELLITE C655 C655D L455 L675 L675D L735 L740 L745 L745D L750 L750D L755 L755D P745 P755 P775D ; TOSHIBA PORTEGE R830 R835 ; TOSHIBA TECRA R840 R850 LAPTOP NOTEBOOK BATTERY CH N/A,2,99,3.85785E+11,5:40:45,0,10
1,4,3,18.37,1,1,4.04667E+18,48.23,96256770,78028,1,28,20121201,amazon.com,"DONEGAN LP 2 REPLACEMENT LENS FOR OPTI-VISOR, 1.5X MAGNIFICATION, 2 DIOPERS, 20\\1 FOCAL LENGTH N/A",5,99,3.43047E+11,1:56:36,0,11
1,5,1,14.99,1,1,4.04667E+18,27.18,96300028,6790,1,28,20121015,amazon.com,PHILIPS WUB1110/00 WIRELESS WI-FI USB NETWORK ADAPTER N/A,1,99,4.20554E+11,22:17:22,0,9
1,2,4,0,1,1,4.04667E+18,0.01,96301403,91406,1,28,20120326,amazon.com,PREMIUM DATA $10.00,5,99,7.76439E+13,22:53:00,0,9
1,2,4,0,1,1,4.04667E+18,0.01,96301403,91406,1,28,20120327,amazon.com,PREMIUM DATA $10.00,5,99,7.77868E+13,1:48:30,0,9
3,1,3,22.52,1,0,4.04667E+18,22.52,96319765,21229,1,28,20120515,amazon.com,OLYMPUS M 2 GB XD-PICTURE CARD FLASH MEMORY CARD 202170 N/A,1,99,7.99068E+13,4:16:36,0,11
7,4,2,236.25,1,1,4.04667E+18,236.25,96407536,44116,3,28,20121216,amazon.com,WD MY PASSPORT FOR MAC 500GB PORTABLE EXTERNAL HARD DRIVE STORAGE USB 3.0 N/A,1,99,3.47032E+11,17:06:26,0,8
7,4,2,236.25,1,1,4.04667E+18,286.43,96407536,44116,3,28,20121216,amazon.com,WD MY PASSPORT FOR MAC 500GB PORTABLE EXTERNAL HARD DRIVE STORAGE USB 3.0 N/A,1,99,3.47041E+11,15:20:13,0,8
2,1,2,22.88,1,0,4.04667E+18,22.88,96410325,45176,1,28,20120528,amazon.com,LOGITECH M305 WIRELESS MOUSE (BLACK) N/A,1,99,7.93987E+13,14:35:26,0,4
7,2,4,21.99,1,1,4.04667E+18,90.97,96418460,92020,1,28,20120328,amazon.com,"VERBATIM 97458 700 MB 52X 80 MINUTE BRANDED RECORDABLE DISC CD-R - 100-DISC SPINDLE, FFP N/A",3,99,7.74639E+13,22:39:39,0,6
6,5,4,11.62,1,1,4.04667E+18,22.36,96424316,94014,1,28,20120811,amazon.com,LOGITECH UNIFYING RECEIVER FOR MOUSE AND KEYBOARD N/A,3,99,1.02685E+14,19:36:08,0,5
6,5,4,10,1,1,4.04667E+18,145.39,96424316,94014,1,28,20120101,amazon.com,"PRIMAL ELEMENTS WRAPPED BAR SOAP, GREEN FROG, 6.8-OUNCE CELLOPHANE (PACK OF 2) N/A",3,99,6.01849E+13,4:50:39,0,5
6,5,4,12.56,1,1,4.04667E+18,119.07,96424316,94014,1,28,20120505,amazon.com,COLEMAN MICROPACKER COMPACT BATTERY LANTERN N/A,3,99,7.70822E+13,21:40:04,0,5
6,5,4,18.53,1,1,4.04667E+18,260.83,96424316,94014,1,28,20120602,amazon.com,STEIFF'S MINI FLOPPY SISSI PIGLET N/A,3,99,9.52715E+13,22:34:49,0,5
6,5,4,11.72,1,1,4.04667E+18,96.96,96424316,94014,1,28,20120701,amazon.com,NATURE ZONE CRICKET BREEDING KIT N/A,3,99,9.56293E+13,18:38:55,0,5
1,5,3,66,1,1,4.04667E+18,76.39,96429843,78550,1,28,20121216,amazon.com,WACOM INTUOS4/CINTIQ21 GRIP PEN N/A,1,99,3.48246E+11,4:01:30,0,6
7,3,3,10.97,1,1,4.04667E+18,99.8,96465868,76904,1,28,20121115,amazon.com,"HOT PINK, PURPLE, GREEN WALL AC CHARGER PLUS 7COLOR 3FT USB SYNC DATA CABLE N/A",1,99,3.66493E+11,15:27:09,0,6
7,5,3,38.31,1,1,4.04667E+18,255.15,96474094,30097,1,28,20121102,amazon.com,SKULLCANDY S2FFFM-259 50/50  IN-LINE MICROPHONE AND CONTROL SWITCH/VOLUME - NAVY/CHROME N/A,1,99,4.01226E+11,17:12:47,0,6
5,3,2,23.6,1,0,4.04667E+18,32.59,96699595,52209,1,28,20121007,amazon.com,ITP A1 EOS LED FLASHLIGHT WITH CREE XP-E Q5 LED - 190 LUMENS ON 1XCR123A BATTERY N/A,1,99,4.25132E+11,22:09:19,0,3
5,2,4,28.88,1,0,4.04667E+18,241.37,96791941,98188,1,28,20121106,amazon.com,5W HIGH POWER WHITE LED BULBS REVERSE BACKUP LIGHT 7440 WITH CREE EMITTER N/A,5,99,4.16551E+11,9:04:01,1,9
3,3,4,34.99,1,1,4.04667E+18,44.45,96799458,95834,1,28,20120805,amazon.com,SUPERB CHOICE NEW LAPTOP REPLACEMENT BATTERY FOR GATEWAY MD78 MD7800 MD7801U MD7811U MD7818U MD7820U MD7822U MD7826U;14.8V;8 CELLS N/A,3,99,1.01499E+14,2:28:08,1,4
3,3,4,21.24,1,1,4.04667E+18,41.06,96799458,95834,1,28,20120515,amazon.com,SUPERB CHOICE 6-CELL REPLACEMENT BATTERY FOR SELECT GATEWAY AND EMACHINE LAPTOPS N/A,3,99,7.99804E+13,19:17:22,1,4
4,2,3,24.99,1,1,4.04667E+18,3.99,96800511,24592,1,28,20120802,amazon.com,KINDLE FIRE CHARGER / AC ADAPTER N/A,1,99,1.11099E+14,22:19:23,0,8
2,1,4,29.99,1,0,4.04667E+18,29.99,96874263,91402,1,28,20121229,amazon.com,NEWERTECH USB 3.0 UNIVERSAL DRIVE ADAPTER N/A,5,99,3.12346E+11,20:55:01,1,5
6,2,2,39.99,1,1,4.04667E+18,49.93,96875427,44714,1,28,20120528,amazon.com,HP - WIRELESS USB KEYBOARD AND MOUSE COMBO N/A,1,99,7.93989E+13,22:06:06,0,9
6,2,2,313.99,1,1,4.04667E+18,344.21,96929053,44056,1,28,20120215,amazon.com,HP TOUCHPAD WI-FI 32 GB 9.7-INCH TABLET COMPUTER N/A,1,99,7.53244E+13,18:38:54,0,7
5,2,4,13.6,1,1,4.04667E+18,18.59,97033098,90303,1,28,20120523,amazon.com,ASUS AC ADAPTER CHARGER / 36W / ASUS EEE PC 1000H / 1000HA / 1000HE / T101MT FITS R33030 N/A,3,99,7.97788E+13,0:26:39,0,5
1,1,2,31.99,1,0,4.04667E+18,48.51,97036059,6516,1,28,20120215,amazon.com,SKULLCANDY 50/50 IN EAR BUD WITH IN-LINE MICROPHONE AND CONTROL SWITCH/VOLUME S2FFCM-075 (WHITE/CHROME) N/A,1,99,7.53593E+13,15:48:28,0,8
1,6,3,41.13,1,1,4.04667E+18,45.61,97047552,30337,1,28,20121010,amazon.com,LEXMARK #4 & #5 BLACK/COLOR COMBO PACK ELECTRONICS N/A,1,99,4.56547E+11,0:02:11,0,4
1,6,3,40.34,1,1,4.04667E+18,65.84,97047552,30337,1,28,20121010,amazon.com,LEXMARK #4 & #5 BLACK/COLOR COMBO PACK N/A,1,99,4.56547E+11,0:02:11,0,4
4,4,3,13.64,1,1,4.04667E+18,18.12,97106005,30805,1,28,20120429,amazon.com,RETURN OF MR ZONE 6 GUCCI MANE MUSIC N/A,3,99,7.57962E+13,7:04:22,0,7
1,2,2,14.29,1,0,4.04667E+18,198.48,97157894,61362,1,28,20121020,amazon.com,LENMAR SSPU2 AUTO 2 PORT 12V DC AUTO SOCKET DUPLICATOR PLUS 2 USB PORT N/A,1,99,4.15096E+11,16:03:53,0,7
1,2,2,12.98,1,0,4.04667E+18,39.18,97157894,61362,1,28,20121031,amazon.com,ARMORSUIT MILITARYSHIELD - ACER ICONIA TAB A200 TABLET SCREEN PROTECTOR SHIELD + LIFETIME REPLACEMENTS N/A,1,99,4.2239E+11,0:05:10,0,7
3,1,1,449.7,1,0,4.04667E+18,449.7,97159920,66071,1,28,20120525,amazon.com,"EVGA GEFORCE GTX 580 3072 MB GDDR5 PCB PCI EXPRESS 2.0 2DVI/MINI-HDMI SLI READY LIMITED LIFETIME WARRANTY GRAPHICS CARD, 03G-P3-1584-AR N/A",1,99,7.69026E+13,2:46:06,0,11
5,2,3,11.45,1,0,4.04667E+18,15.93,97164738,38834,1,28,20120826,amazon.com,MR. CLEAN MAGIC REACH ALL IN ONE BATHROOM CLEANING TOOL STARTER KIT HOME & KITCHEN N/A,1,99,1.08586E+14,0:36:55,0,11
1,4,2,28.86,1,1,4.04667E+18,37.57,97176515,55417,1,28,20121124,amazon.com,BELKIN N150 WIRELESS N ROUTER (LATEST GENERATION) N/A,2,99,3.83043E+11,1:35:49,0,3
3,5,2,10.59,1,1,4.04667E+18,15.58,97181746,62526,1,28,20120302,amazon.com,KINGSTON 16 GB CLASS 4 MICROSDHC FLASH CARD WITH SD ADAPTER SDC4/16GB N/A,2,99,7.64116E+13,15:10:24,0,5
5,1,1,25.48,1,0,4.04667E+18,94.95,97185656,11216,2,28,20120712,amazon.com,"NATURE'S WAY ALIVE ONCE DAILY MEN'S MULTI ULTRA POTENCY, TABLETS, 60-COUNT N/A",2,99,1.08747E+14,0:14:52,0,8
5,1,1,33.95,1,0,4.04667E+18,114.14,97185656,11216,1,28,20120731,amazon.com,PIONEER DVR-S20L BK BLACK INTERNAL SATA DVD CD RE-WRITER BURNER DRIVE - RETAIL BOX WITH NERO MULTIMEDIA 10 SUITE SOFTWARE N/A,2,99,1.1064E+14,17:43:46,0,8
5,1,1,93.35,1,0,4.04667E+18,129.32,97185656,11216,1,28,20120905,amazon.com,WESTERN DIGITAL MY PASSPORT 1 TB USB 3.0 PORTABLE HARD DRIVE - WDBBEP0010BSL-NESN (SILVER) N/A,2,99,5.49481E+11,23:28:08,0,8
4,3,2,10.5,1,1,4.04667E+18,14.5,97348584,60453,1,28,20121115,amazon.com,AC WALL ADAPTER CABLE CHARGER FOR COBY KYROS TABLET MID7022 MID7014 MID 7015 MID7016 MID7012 N/A,1,99,4.16701E+11,2:13:57,0,8
5,2,2,24.95,1,1,4.04667E+18,37.69,97363407,43119,1,28,20120226,amazon.com,ROOCASE DUAL-VIEW MULTI ANGLE (BLACK) LEATHER FOLIO CASE COVER WITH STAND FOR ACER ICONIA TAB A100 7-INCH ANDROID TABLET WI-FI N/A,1,99,7.394E+13,22:34:20,0,7
4,6,4,11.47,1,1,4.04667E+18,11.47,97364370,80701,1,28,20120409,amazon.com,T-MOBILE MYTOUCH 4G MYTOUCH 4G OEM HTC STANDARD BATTERY BB42100 35H00142-02M N/A,5,99,8.10273E+13,21:59:26,1,5
4,2,3,29.43,1,1,4.04667E+18,68.59,97371063,37217,1,28,20120408,amazon.com,HP DESKJET 1000 PRINTER (CH340A#B1H) N/A,1,99,7.40829E+13,21:32:36,0,8
4,2,3,29.99,1,1,4.04667E+18,73.23,97371063,37217,1,28,20120409,amazon.com,HP DESKJET D2680 PRINTER (CH396A#B1H) N/A,1,99,8.10332E+13,18:50:13,0,8
7,4,1,170,1,0,4.04667E+18,170,97411341,4043,2,28,20121002,amazon.com,SEAGATE FREEAGENT GOFLEX 1 TB USB 3.0 ULTRA-PORTABLE EXTERNAL HARD DRIVE IN BLACK STAA1000101 N/A,1,99,5.0202E+11,15:04:06,0,5
6,4,2,13.35,1,1,4.04667E+18,39.77,97417442,53403,1,28,20121115,amazon.com,MAXELL 723443 LR6 AA CELL 48 PACK BOX BATTERY N/A,1,99,4.11494E+11,19:36:46,1,8
6,3,3,11.99,1,0,4.04667E+18,22.08,97469447,34112,1,28,20120812,amazon.com,"MENOTEK MICRO USB TO HDMI MHL ADAPTER IMPROVED WITH RCP (REMOTE CONTROL PROTOCOL) FOR SAMSUNG GALAXY S2, HTC EVO 3D, HTC EVO 4G TABLET, HTC SENSATION 4G, SPRINT EPIC 4G TOUCH, GALAXY NEXUS N/A",1,99,1.02605E+14,0:37:59,1,6
5,6,2,39.99,1,1,4.04667E+18,392.25,97475991,55125,1,28,20120808,amazon.com,MITSUBISHI AWNU231 IEEE 802.11N USB WI-FI ADAPTER N/A,1,99,1.10011E+14,14:45:53,0,6
6,1,2,17.48,1,0,4.04667E+18,18.47,97516896,48326,1,28,20121108,amazon.com,"10.80V,4400MAH,LI-ION,REPLACEMENT LAPTOP BATTERY FOR GATEWAY NV52, NV5207U, NV5211U, NV5212U, NV5213U, NV5214U, NV5215U, NV5216U, NV53, NV5302U, NV5331U, NV5337U, NV5378U, NV5387U, NV54, NV5423U, NV54 N/A",5,99,4.31492E+11,11:45:15,1,7
1,4,2,19.99,1,1,4.04667E+18,581.92,97538809,64076,1,28,20120124,amazon.com,4GB PLAYSTATION VITA MEMORY CARD N/A,1,99,7.42104E+13,8:43:34,0,3
7,5,4,11.99,1,1,4.04667E+18,170.36,97623805,82501,1,28,20120625,amazon.com,AMAZONBASICS SDHC CLASS 4 16GB SECURE DIGITAL CARD N/A,1,99,1.02299E+14,1:38:43,0,11
7,5,4,81.67,1,1,4.04667E+18,170.36,97623805,82501,1,28,20120625,amazon.com,WACOM BAMBOO CAPTURE PEN AND TOUCH TABLET (CTH470) N/A,1,99,1.02299E+14,1:38:43,0,11
3,6,3,57.99,1,1,4.04667E+18,116.77,97671780,78753,1,28,20120820,amazon.com,CANON PIXMA MG5320 WIRELESS INKJET PHOTO ALL-IN-ONE PRINTER (5291B019) N/A,3,99,1.10909E+14,3:19:08,0,5
1,2,4,739,1,1,4.04667E+18,847.71,97793156,94804,1,28,20120907,amazon.com,DENON AVR3312CI INTEGRATED NETWORK A/V SURROUND RECEIVER N/A,1,99,5.25762E+11,16:28:35,0,4
1,2,4,149.37,1,1,4.04667E+18,158.95,97793156,94804,1,28,20120427,amazon.com,NETGEAR N600 WIRELESS DUAL BAND GIGABIT ADSL2+ MODEM ROUTER (DGND3700) N/A,1,99,7.73191E+13,16:49:42,0,4
1,5,3,38.25,1,1,4.04667E+18,69.07,97798354,71103,3,28,20120615,amazon.com,TRANSCEND TS16GSDHC10 16 GB SDHC CLASS 10 FLASH MEMORY CARD N/A,5,99,1.00857E+14,2:46:22,0,10
1,5,3,33.96,1,1,4.04667E+18,51.71,97798354,71103,2,28,20120210,amazon.com,TRANSCEND 16 GB SDHC CLASS 10 FLASH MEMORY CARD TS16GSDHC10E N/A,5,99,7.38566E+13,10:56:51,0,10
3,3,2,39.99,1,1,4.04667E+18,39.99,97806334,45680,1,28,20120315,amazon.com,CREATIVE LABS SOUND BLASTER TACTIC 3D ALPHA USB GAMING HEADSET N/A,1,99,7.84579E+13,16:16:31,0,9
1,3,3,14.12,1,1,4.04667E+18,53.75,97813752,38114,1,28,20120703,amazon.com,MEMOREX 4.7GB/16X DVD-R (50-PACK SPINDLE) N/A,2,99,1.05624E+14,19:23:38,0,11
1,3,3,18.99,1,1,4.04667E+18,25.48,97813752,38114,1,28,20120828,amazon.com,MAXELL - 100 X DVD-R - 4.7 GB 16X - SPINDLE - STORAGE MEDIA N/A,2,99,1.15475E+14,22:25:31,0,11
1,3,3,14.71,1,1,4.04667E+18,35.59,97813752,38114,1,28,20120207,amazon.com,MEMOREX 4.7GB/16X DVD-R (50-PACK SPINDLE) N/A,2,99,7.51053E+13,22:22:28,0,11
1,3,3,11.79,1,1,4.04667E+18,19.76,97813752,38114,1,28,20120323,amazon.com,MEMOREX 4.7GB/16X DVD-R (50-PACK SPINDLE) N/A,2,99,7.54902E+13,21:53:21,0,11
1,3,3,14.12,1,1,4.04667E+18,35.09,97813752,38114,1,28,20120521,amazon.com,MEMOREX 4.7GB/16X DVD-R (50-PACK SPINDLE) N/A,2,99,8.025E+13,19:28:49,0,11
1,3,3,10.54,1,1,4.04667E+18,42.69,97813752,38114,1,28,20120424,amazon.com,LOGITECH S120 2.0 MULTIMEDIA SPEAKERS N/A,2,99,8.05716E+13,1:43:32,0,11
5,2,3,31.15,1,1,4.04667E+18,43.64,97818912,78130,1,28,20120515,amazon.com,BATTERY DISCONNECT N/A,1,99,8.00297E+13,18:01:26,0,8
6,2,3,66.26,1,1,4.04667E+18,75.49,97927199,78735,1,28,20120913,amazon.com,WACOM BAMBOO SPLASH PEN TABLET (CTL471) N/A,3,99,5.37882E+11,1:07:40,0,11
3,1,3,28.95,1,0,4.04667E+18,33.43,97974871,33602,1,28,20120904,amazon.com,CISCO LINKSYS FACTORY REFURBISHED E1500 WIRELESS-N WIFI ROUTER WITH SPEEDBOOST COMPUTERS & ACCESSORIES N/A,1,99,5.52787E+11,22:50:16,1,3
1,4,1,18.9,1,1,4.04667E+18,24.39,97976429,92240,1,28,20120825,amazon.com,PWR+AR AC ADAPTER FOR ASUS X54C-BBK3 X54C-BBK5 X54C-BBK7 X54C-ES91 X54C-ES91 ; X54H-BD1BH X54H-BD3MA ; X54L-BBK2 X54L-BBK4 ; 65 WATT LAPTOP BATTERY CHARGER NOTEBOOK POWER SUPPLY CORD N/A,5,99,1.06747E+14,23:13:22,0,5
7,4,3,21.7,1,1,4.04667E+18,51.5,98015376,38017,2,28,20120517,amazon.com,QUICK STUDY-SPANISH VOCABULARY FLASH CARDS-1000 CARDS N/A,1,99,7.869E+13,0:08:40,0,11
5,5,4,11.4,1,0,4.04667E+18,11.4,98026292,98506,1,28,20120124,amazon.com,RITEAV - CAT5E NETWORK ETHERNET CABLE - BLUE - 200 FT. N/A,1,99,7.42782E+13,17:58:29,0,11
3,2,2,57.37,1,1,4.04667E+18,64.56,98062174,68506,1,28,20120630,amazon.com,MOTOROLA SB6121 SURFBOARD DOCSIS 3.0 CABLE MODEM N/A,1,99,9.3031E+13,16:33:07,0,9
3,2,4,25.56,1,0,4.04667E+18,33.84,98068993,93436,1,28,20120307,amazon.com,LOGITECH USB DESKTOP MICROPHONE N/A,5,99,7.67078E+13,4:58:23,0,10
7,2,3,85.99,1,0,4.04667E+18,94.89,98126369,33431,1,28,20120806,amazon.com,MOTOROLA SB6121 SURFBOARD DOCSIS 3.0 CABLE MODEM N/A,1,99,1.11447E+14,22:11:39,0,11
7,2,3,126.95,1,0,4.04667E+18,142.97,98126369,33431,1,28,20120814,amazon.com,"MOTOROLA SBG6580 DOCSIS 3.0 WIRELESS CABLE MODEM IN NEW OFFICIAL MANUFACTURER BROWN BOX (ENVIRONMENTALLY SAFE) - NON-RETAIL BOX, 100% NEW AND COMPLETE SBG-6580 N/A",1,99,1.12225E+14,14:12:29,0,11
7,3,2,19.49,1,1,4.04667E+18,23.48,98178118,49279,1,28,20120614,amazon.com,SANDISK 32 GB SD HC MICRO SDHC CLASS 4 FLASH MEMORY CARD WITH EVERYTHING BUT STROMBOLI (TM) CARD READER N/A,1,99,1.03344E+14,13:53:54,0,1
4,4,4,36.53,1,1,4.04667E+18,146.12,98319783,80235,1,28,20120202,amazon.com,SKULLCANDY S6HEDZ-058 HESH OVER-EAR HEADPHONE (RASTA) N/A,1,99,7.49794E+13,1:26:14,0,4
1,2,4,13.15,1,1,4.04667E+18,18.64,98326061,93720,1,28,20120907,amazon.com,"TOSHIBA REPLACEMENT 30W AC ADAPTER FOR TOSHIBA MINI NOTEBOOK MODEL NB305-N410WH, PLL3AU-00K00C, NB305-N411BL, PLL3AU-01E015, NB305-N411BN, PLL3AU-00F015, NB305-N413BN, PLL3AU-00L017, NB305-N440BL, PLL N/A",1,99,5.31511E+11,22:22:22,0,3
6,5,2,53.14,1,1,4.04667E+18,64.12,98367635,65616,1,28,20120718,amazon.com,"KEYSPAN BY TRIPP LITE PR-PRO3 PRESENTATION REMOTE PRO WIRELESS W LASER, MOUSE, AUDIO CONTROLS N/A",1,99,1.10738E+14,15:21:51,0,9
6,5,2,85.49,1,1,4.04667E+18,309.79,98367635,65616,1,28,20120502,amazon.com,CRUCIAL CT51264AC667 4GB 200-PIN SODIMM DDR2 PC2-5300 MEMORY MODULE N/A,1,99,7.92091E+13,19:11:14,0,9
6,4,2,22.98,1,1,4.04667E+18,27.46,98395712,60188,1,28,20120607,amazon.com,I-TEC T2022 200 WATT TRAVEL POWER INVERTER WITH USB PORT AUTOMOTIVE N/A,1,99,1.03478E+14,2:14:16,0,6
6,3,3,16.6,1,1,4.04667E+18,425.88,98397837,75964,1,28,20120225,amazon.com,STREET FX 1043894 SILVER 12V BATTERY MONITOR N/A,1,99,7.37347E+13,3:50:42,0,11
5,1,1,69.63,1,0,4.04667E+18,69.63,98474279,10128,3,28,20120228,amazon.com,APPLE EARPHONES WITH REMOTE AND MIC (NEWEST VERSION)[RETAIL PACKAGING] N/A,2,99,7.52582E+13,21:27:35,0,7
3,5,3,14.99,1,1,4.04667E+18,19.48,98526484,34759,1,28,20120904,amazon.com,"MINI TRIPOD KIT FOR FUJIFILM FINEPIX S2950, S4000, S2940, S1800, S3200, S3300, S1500, S2500 HD, S200 EXR DIGITAL CAMERA INCLUDES 4 INCH EXTEND TO 7 INCH HEAVY DUTY MINI TRIPOD (YELLOW) + USB 2.0 ALL I N/A",1,99,5.90821E+11,2:11:57,0,9
3,2,2,129.99,1,1,4.04667E+18,486.64,98527627,67864,1,28,20120323,amazon.com,SEAGATE FREEAGENT GOFLEX DESK 2 TB USB 3.0 EXTERNAL HARD DRIVE STAC2000106 N/A,1,99,7.5516E+13,18:38:12,0,11
3,2,3,19.99,1,1,4.04667E+18,24.97,98531461,31313,1,28,20120107,amazon.com,4GB PLAYSTATION VITA MEMORY CARD N/A,1,99,7.05688E+13,2:52:46,0,5
4,2,1,76.85,1,1,4.04667E+18,179.06,98617046,14522,1,28,20120123,amazon.com,"NEW 7 INCH ANDROID 2.2 VIA8650 EPAD TABLET PC 3.0MP CAMERA, SUPPORTS EXTERNAL 3G MODEM+WIFI+RJ45+TWO POINT TOUCH SCREEN+FLASH 10.1+US MARKET INSTALLED N/A",1,99,7.39949E+13,0:00:24,0,9
1,5,4,35.99,1,1,4.04667E+18,35.99,98619357,90043,1,28,20120529,amazon.com,NEW LAPTOP BATTERY FOR HP G62-144DX G42 G72  G62 HP PAVILION DM4-1160US HP PRESARIO CQ62 [LI-ION 9-CELL 6600MAH] N/A,5,99,7.9874E+13,5:01:55,0,7
6,4,1,11.99,1,1,4.04667E+18,55.7,98621749,19454,1,28,20120216,amazon.com,RECHARGEABLE BATTERY USB ELECTRONIC CIGARETTE LIGHTER/BLUE N/A,1,99,7.60926E+13,22:18:36,0,8
5,3,2,16,1,1,4.04667E+18,87.92,98664618,52761,1,28,20121230,amazon.com,KINGWIN USB 2.0 TO SATA AND IDE ADAPTER FOR 2.5 INCHES AND 3.5 INCHES HARD DRIVE WITH ONE TOUCH BACK-UP N/A,3,99,3.62867E+11,3:02:31,0,9
3,6,4,21.99,1,1,4.04667E+18,37.94,98706269,89104,1,28,20120121,amazon.com,PYLE PL63BL 6.5-INCH 360-WATT 3-WAY SPEAKERS (PAIR) N/A,5,99,7.33736E+13,21:38:25,1,2
2,1,2,24.99,1,0,4.04667E+18,35.2,98718725,48444,1,28,20121114,amazon.com,STARTECH.COM USB3S2ESATA 3 FEET SUPERSPEED USB 3.0 TO ESATA CABLE ADAPTER N/A,1,99,4.8526E+11,16:53:15,0,11
2,1,2,60,1,0,4.04667E+18,65.49,98718725,48444,1,28,20120923,amazon.com,RAZER NAGA MMOG LASER GAMING MOUSE (RZ01-00000000-R3) N/A,1,99,5.75381E+11,19:32:50,0,11
2,1,2,29.79,1,0,4.04667E+18,143.68,98718725,48444,1,28,20120203,amazon.com,SANDISK 32 GB MICROSDHC FLASH MEMORY CARD (CARD ONLY) SDSDQM-032G N/A,1,99,7.41983E+13,18:37:56,0,11
7,5,3,12.95,1,1,4.04667E+18,65.34,98749793,32308,1,28,20120612,amazon.com,"ASUS TRANSFORMER PRIME 3 PACK TF201 10.1 INCH TOUCHSCREEN TABLET SCREEN PROTECTOR (3 PACKS) FILM CLEAR (INVISIBLE) BY ACASEVIEW, ACASE(TM) N/A",1,99,1.04019E+14,21:44:28,0,9
7,5,3,24.95,1,1,4.04667E+18,65.34,98749793,32308,1,28,20120612,amazon.com,MINISUIT ASUS TRANSFORMER PRIME TF201 / TF700T LEATHER KEYBOARD PORTFOLIO STAND CASE COVER FOR TF201 MOBILE DOCK AND TABLET (BROWN) N/A,1,99,1.04019E+14,21:44:28,0,9
7,5,3,64.39,1,1,4.04667E+18,229.6,98749793,32308,1,28,20120216,amazon.com,CISCO SF100D-16 16 PORT ETHERNET SWITCH N/A,1,99,7.61127E+13,22:41:56,0,9
2,1,1,10.21,1,0,4.04667E+18,14.69,98768811,8854,1,28,20120907,amazon.com,"DELL ORIGINAL PA-12 19.5V 3.34A 65W REPLACEMENT AC ADAPTER FOR DELL NOTEBOOK MODELS DELL INSPIRON 300M, DELL INSPIRON 500M, DELL INSPIRON 510M, DELL INSPIRON 600M, DELL INSPIRON 630M, DELL INSPIRON 64 N/A",1,99,5.87634E+11,22:52:40,0,5
2,1,1,24.35,1,0,4.04667E+18,28.83,98768811,8854,1,28,20120907,amazon.com,HP G62-144DX BATTERY COMPUTERS & ACCESSORIES N/A,1,99,5.87634E+11,22:52:40,0,5
7,2,4,10,0,1,4.04667E+18,67.33,98773985,92084,1,28,20120720,amazon.com,"COMPATIBLE BLACK HIGH CAPACITY HP TONER CARTRIDGE Q7553X (7,000 PAGE YIELD) FOR HP LASERJET M2727 MFP, HP LASERJET M2727NF MFP, HP LASERJET P2010, HP LASERJET P2014 N/A",5,99,1.07238E+14,15:18:53,0,4
1,4,3,13.99,1,1,4.04667E+18,22.88,98808932,32609,1,28,20120221,amazon.com,"TOSHIBA 65W REPLACEMENT AC ADAPTER POWER CORD FOR TOSHIBA SATELLITE SERIES PSLU6U-00Q001,L505-GS6002,PSLU6U-002005,L505-LS5014,PSLU0U-08D035,L505-LS5017,COMPATIBLE WITH PA3714U-1ACA N/A",2,99,7.4354E+13,5:48:04,0,3
3,3,1,46.38,1,1,4.04667E+18,98.34,98814679,2861,1,28,20120111,amazon.com,"CANON PGI-225 BK/ CLI-226 C,M,Y 4 PACK VALUE PACK (4530B008) IN RETAIL PACKAGING N/A",1,99,7.3895E+13,2:46:01,0,7
3,5,3,18.29,1,0,4.04667E+18,18.29,98958506,28016,1,28,20121028,amazon.com,LINK LIVE MIC HANDHELD SPEAKER MICROPHONE + ANTENNA SMA-F ADAPTER FOR BAOFENG WOUXUN UV-5R N/A,2,99,5.21118E+11,18:17:17,0,11
1,5,2,14.55,1,1,4.04667E+18,187.84,98960289,45638,1,28,20120829,amazon.com,HIGH QUALITY 8 GB OWL CRYSTAL JEWELRY USB FLASH MEMORY DRIVE NECKLACE N/A,1,99,1.16482E+14,1:20:44,0,5
5,2,2,25.19,1,0,4.04667E+18,488.37,98961664,43068,1,28,20120204,amazon.com,CASECROWN BOLD STANDBY CASE (BLUE) FOR AMAZON KINDLE FIRE TABLET N/A,1,99,7.39324E+13,23:15:20,0,10
5,2,2,15.18,1,0,4.04667E+18,15.18,98961664,43068,1,28,20120211,amazon.com,CASECROWN BOLD STANDBY CASE (GENUINE LEATHER) FOR AMAZON KINDLE FIRE TABLET - BLACK N/A,1,99,7.42007E+13,12:58:21,0,10
4,1,3,45.22,1,0,4.04667E+18,45.22,98964594,70454,1,28,20120908,amazon.com,BATTERY TENDER 021-0128 BATTERY TENDER PLUS 12V BATTERY CHARGER N/A,1,99,5.55028E+11,21:13:43,0,11
6,3,3,5.05,1,1,4.04667E+18,49.29,98966290,77584,1,28,20120312,amazon.com,"CISCO-LINKSYS UTP510 NETWORK CABLE, CAT 5, 10 FEET N/A",1,99,7.79778E+13,13:14:10,0,5
1,3,1,27.98,1,0,4.04667E+18,221.3,98966640,10472,2,28,20120427,amazon.com,VIGILANT PPS23B 130DB ELECTRONIC RAPE ATTACK PERSONAL ALARM WITH BACKUP WHISTLE (BLUE) N/A,1,99,7.74152E+13,13:33:42,1,11
2,3,4,49.09,1,1,4.04667E+18,53.57,99030304,95351,1,28,20120704,amazon.com,"COMPUTER-AIDED PATTERN DESIGN AND PRODUCT DEVELOPMENT ALISON BEAZLEY, TERRY BOND  KINDLE STORE N/A",1,99,1.03272E+14,16:26:08,1,8
2,3,4,299.99,1,1,4.04667E+18,342.48,99030304,95351,1,28,20120425,amazon.com,CENTRAL MACHINERY ADJUSTABLE FULL SIZE ROUTER TABLE WITH ROUTER N/A,1,99,8.04768E+13,0:38:06,1,8
2,3,4,349.99,1,1,4.04667E+18,354.47,99030304,95351,1,28,20120425,amazon.com,CENTRAL MACHINERY ADJUSTABLE FULL SIZE ROUTER TABLE WITH ROUTER HOME IMPROVEMENT N/A,1,99,8.04768E+13,0:38:06,1,8
5,6,4,16.3,1,1,4.04667E+18,41.24,99124874,91780,1,28,20120227,amazon.com,TOSHIBA ORIGINAL 65W AC ADAPTER (19V 3.42A) FOR SATELLITE SERIES N/A,3,99,7.48992E+13,1:57:40,0,9
5,6,4,12.95,1,1,4.04667E+18,46.95,99124874,91780,1,28,20120416,amazon.com,"STAR ADAPTER 65AW AC ADAPTER POWER CORD FOR COMPATIBLE TOSHIBA SATELLITE L505-ES5036,PSLU6U-00P009,L505-ES5042,L505-S5984,PSLU6U-03R001,L505-GS5035,PSLU6U-001001,100% COMPATIBLE WITH PA3467U-1ACA,PA33 N/A",3,99,8.07205E+13,3:01:46,0,9
5,6,4,22.48,1,1,4.04667E+18,46.95,99124874,91780,1,28,20120416,amazon.com,LI-ION LAPTOP BATTERY FOR TOSHIBA SATELLITE L305-SP5806R L305-SP6807R L305-SP6914R L305-SP6980C L305-SP6995A L455-S5008 L455-SP2903A L455-SP2922C L455-SP2922R L505-ES5036 L505-GS5037 L505-LS5021 N/A,3,99,8.07205E+13,3:01:46,0,9
7,5,3,28.55,1,0,4.04667E+18,31.53,99138165,73013,1,28,20120223,amazon.com,RCA ALBUMS COLLECTION N/A,1,99,7.55683E+13,18:26:21,0,3
1,2,2,59.58,1,1,4.04667E+18,1153.52,99140188,63129,2,28,20120203,amazon.com,SANDISK 32 GB MICROSDHC FLASH MEMORY CARD (CARD ONLY) SDSDQM-032G N/A,1,99,7.42454E+13,6:03:38,0,7
1,2,2,498,1,1,4.04667E+18,1153.52,99140188,63129,1,28,20120203,amazon.com,ACER ICONIA TAB W500-BZ467 10.1-INCH TABLET (SILVER) N/A,1,99,7.42454E+13,6:03:38,0,7
3,3,2,29.76,1,0,4.04667E+18,84.26,99229346,60056,1,28,20120928,amazon.com,EXTENDED BATTERY SHELL CASE / HOLSTER COMBO (ARGYLE DESIGN) OEM FOR VERIZON HTC THUNDERBOLT (BLACK) N/A,5,99,6.00886E+11,19:49:57,0,11
7,1,3,48.94,1,0,4.04667E+18,62.36,99381084,31904,1,28,20120330,amazon.com,SAMSON CO1U USB CONDENSER MICROPHONE N/A,1,99,7.85157E+13,19:14:09,0,11
6,2,1,14.62,1,1,4.04667E+18,19.61,99387644,3220,1,28,20120521,amazon.com,SANDISK 32GB MICROSDHC MEMORY CARD (BULK PACKAGE) N/A,1,99,8.03899E+13,20:31:48,0,4
3,5,3,34.95,1,1,4.04667E+18,78.94,99388722,75051,1,28,20121226,amazon.com,HP PAVILION DV6 LAPTOP BATTERY FOR HP PAVILION DV6 - 484170-001 N/A,1,99,4.30552E+11,1:39:23,0,8
2,6,3,244,1,1,4.04667E+18,257.49,99404206,34473,1,28,20120510,amazon.com,APPLECARE PROTECTION PLAN FOR MAC LAPTOPS 13 INCHES AND BELOW (NEWEST VERSION) N/A,1,99,7.86801E+13,2:21:36,0,5
6,4,2,20.46,1,1,4.04667E+18,49.73,99478605,46307,1,28,20120411,amazon.com,NEW REPLACEMENT LITHIUM-ION LAPTOP BATTERY FOR TOSHIBA PA3534U-1BRS N/A,1,99,8.22749E+13,1:32:38,1,5
5,1,4,169.99,1,0,4.04667E+18,169.99,99479485,93635,1,28,20120302,amazon.com,SEAGATE FREEAGENT GOFLEX DESK 3 TB USB 3.0 EXTERNAL HARD DRIVE STAC3000102 N/A,1,99,7.6658E+13,19:57:30,0,9
6,4,3,89.99,1,1,4.04667E+18,89.99,99581353,28697,1,28,20121226,amazon.com,MSI ATI RADEON HD6670 1 GB DDR5 VGA/DVI/HDMI PCI-EXPRESS VIDEO CARD R6670-MD1GD5 N/A,1,99,4.13671E+11,18:06:04,0,8
4,2,2,25.15,1,1,4.04667E+18,0,99583047,45103,1,28,20120713,amazon.com,SUPERB CHOICE NEW LAPTOP REPLACEMENT BATTERY FOR ACER ASPIRE AS09A31 AS09A41 AS09A56 AS09A61 AS09A71 AS09A73 AS09A75 AS09A90 AS5516 AS5516-5063 AS5516-5474 AS5532 AS5517 AS5517-1127 AS5517-1208 AS5517 N/A,1,99,1.06504E+14,16:12:57,0,9
5,2,3,11.2,1,1,4.04667E+18,25.24,99584686,37091,1,28,20120119,amazon.com,METRA 99-2003 INSTALLATION MULTI-KIT FOR 1992-UP GM/SUZUKI VEHICLES N/A,2,99,7.49679E+13,14:50:18,0,5
5,2,4,34.75,1,1,4.04667E+18,54.7,99592058,92019,1,28,20120802,amazon.com,10.1\\1 TOSHIBA THRIVE LEATHER CASE WITH BUILT-IN USB KEYBOARD AND KICK STAND - CUSTOM DESIGNED BY GSASTORET - NEW MODEL INCLUDES STRAP WITH SNAP BUTTON AND A TAB ON TOP. BLACK FAUX LEATHER. (TOSHIBA N/A,1,99,1.11271E+14,19:53:07,0,8
5,2,4,3.61,1,1,4.04667E+18,143.65,99592058,92019,1,28,20120209,amazon.com,NOVATEL WIRELESS MIFI2200 BATTERY MIFI 2200 N/A,1,99,7.482E+13,21:41:21,0,8
3,2,1,14.99,1,1,4.04667E+18,349.49,99593861,11385,1,28,20120926,amazon.com,"KHOMO PACK OF 2PCS SUPER LONG 6FT (SIX FEET!) USB DATA CHARGING CABLE FOR ASUS EEE PAD TRANSFORMER PRIME TF101 TF201 (HIGH QUALITY RUBBERIZED CABLE, NOT CHEAP PLASTIC) N/A",1,99,6.20903E+11,1:33:08,0,7
1,1,3,18.07,1,0,4.04667E+18,18.07,99597494,27909,1,28,20121218,amazon.com,LEXAR HIGH-SPEED MICROSDHC 16GB FLASH MEMORY CARD LSDMI16GBSBNAR N/A,3,99,4.64922E+11,12:30:54,0,8
1,1,3,2.18,1,0,4.04667E+18,9.17,99597494,27909,1,28,20121123,amazon.com,CTCSTORE 10-IN-1 USB 2.0 HIGH SPEED MEMORY CARD READER WRITER FOR SD SDHC MINISD MINISDHC MMC RSMMC - PURPLE N/A,3,99,4.81271E+11,18:35:22,0,8
2,3,1,39.99,1,0,4.04667E+18,39.99,99682900,16001,1,28,20121018,amazon.com,AMAZONBASICS USB 2.0 8X DVD WRITER EXTERNAL OPTICAL DRIVE (BLACK) N/A,1,99,5.53446E+11,22:11:25,0,9
3,1,4,134.88,1,0,4.04667E+18,134.88,99683956,98115,1,28,20120518,amazon.com,"EVGA GEFORCE GTX 550 TI FPB 1024 MB GDDR5 PCI EXPRESS 2.0 2DVI/MINI-HDMI SLI READY GRAPHICS CARD, 01G-P3-1556-KR N/A",1,99,7.7009E+13,2:08:00,0,3
5,4,3,15.9,1,1,4.04667E+18,25.9,99693225,21042,1,28,20120317,amazon.com,GPK 65 WATT 3 PRONG AC ADAPTER FOR DELL INSPIRON SERIES N/A,2,99,7.5442E+13,13:25:57,0,6
4,2,3,31.64,1,1,4.04667E+18,35.63,99740796,32277,1,28,20120608,amazon.com,POWERLINE POWERCUP 200/400 WATT MOBILE INVERTER WITH USB POWER PORT 90309 N/A,3,99,1.01001E+14,18:37:36,0,1
2,2,4,14.88,1,0,4.04667E+18,24.87,99776566,90731,1,28,20120830,amazon.com,HP 120W SMART AC ADAPTER N/A,3,99,1.15951E+14,21:47:01,0,8
5,3,2,289,1,1,4.04667E+18,371.95,99793074,45231,1,28,20120227,amazon.com,ACER ICONIA TAB A100-07U08U 7-INCH TABLET (8GB) N/A,1,99,7.50426E+13,18:31:33,0,2
5,3,2,59.99,1,1,4.04667E+18,371.95,99793074,45231,1,28,20120227,amazon.com,SQUARETRADE 2-YEAR TABLET ACCIDENTAL PROTECTION WARRANTY ($250-300) N/A,1,99,7.50426E+13,18:31:33,0,2
5,3,2,19.99,1,1,4.04667E+18,371.95,99793074,45231,1,28,20120227,amazon.com,ISHOPPINGDEALS - PINK PU LEATHER CASE COVER FOLIO WITH BUILT-IN STAND AND ANTI-GLARE MATTE FINISHING SCREEN PROTECTOR FOR ACER ICONIA A100 7-INCH TABLET N/A,1,99,7.50426E+13,18:31:33,0,2
7,1,4,90.12,1,0,4.04667E+18,90.12,99801567,80206,2,28,20120105,amazon.com,LOGITECH S520 CORDLESS DESKTOP KEYBOARD AND LASER MOUSE (BLACK/GREY) N/A,1,99,7.20579E+13,21:23:35,0,5
1,1,1,12.01,1,0,4.04667E+18,226.01,99815376,7112,1,28,20120309,amazon.com,SANDISK 16 GB MICROSDHC FLASH MEMORY CARD SDSDQ-016G (BULK PACKAGING) - CLASS 2 N/A,1,99,7.61255E+13,5:27:43,1,4
5,5,4,164.88,1,1,4.04667E+18,386.37,99816788,81050,1,28,20120615,amazon.com,PANASONIC HDC-TM41H HD CAMCORDER WITH 16GB INTERNAL FLASH MEMORY N/A,1,99,1.01007E+14,15:50:39,1,4
4,3,2,44.95,1,1,4.04667E+18,69.85,99947381,48316,1,28,20120413,amazon.com,MOTOROLA SURFBOARD SB5101U DOCSIS 2.0 CABLE MODEM N/A,1,99,7.95841E+13,0:05:15,0,3
5,3,4,17.63,1,1,4.04667E+18,24.62,99948925,98125,1,28,20120222,amazon.com,LI-ION BATTERY FOR HP/COMPAQ 462890-421 462890-542 497694-001 HSTNN-C52C HSTNN-CB73 HSTNN-IB79 HSTNN-UB73 HSTNN-W50C HSTNN-XB73 KS527AA N/A,1,99,7.58081E+13,18:26:33,0,7
7,3,3,66.95,1,0,4.04667E+18,74.93,99953692,71115,1,28,20120305,amazon.com,PANASONIC DY-WL10 WIRELESS LAN ADAPTER FOR SELECT PANASONIC VIERA HDTVS AND BLU-RAY DISC PLAYERS N/A,1,99,7.75949E+13,15:45:46,0,8
6,3,4,20.48,1,0,4.04667E+18,58.65,99959990,94547,1,28,20121127,amazon.com,FAST FIVE (TWO-DISC BLU-RAY/DVD COMBO) N/A,2,99,5.2984E+11,0:38:10,0,11
